{"fmus":{"{sender}":"file:///C:/Users/ken/Documents/Repositories/intocps-pilots/case-study_ether/FMUs/Sender.fmu","{receiver}":"file:///C:/Users/ken/Documents/Repositories/intocps-pilots/case-study_ether/FMUs/Reciever.fmu","{ether}":"file:///C:/Users/ken/Documents/Repositories/intocps-pilots/case-study_ether/FMUs/Ether.fmu"},"connections":{"{sender}.sender.out":["{ether}.ether.sender"],"{ether}.ether.receiver":["{receiver}.receiver.iin"]},"parameters":{"{sender}.sender.controllerFrequency":10,"{ether}.ether.controllerFrequency":10,"{receiver}.receiver.controllerFrequency":10},"livestream":{"{sender}.sender":["out"],"{ether}.ether":["receiver"]},"visible":true,"loggingOn":true,"overrideLogLevel":"ERROR","algorithm":{"type":"var-step","initsize":0.00001,"size":[0.00005,10],"constraints":{}}}